Workbook

Sheet Parametri
A1: Soglia recidivita' (n. minimo interventi) | B1: 2
A3: Modifica il valore in B1 per ricalcolare automaticamente tutto il report.

Sheet Base_ODL
A1: ID_ODL | B1: EDIFICIO | C1: IMPIANTO | D1: TIPO_GUASTO | E1: DATA_CREAZIONE | F1: STATUS | G1: TECNICO | H1: FORNITORE | I1: Anno | J1: Mese | K1: N_Interventi_Impianto_Anno | L1: Primo_Occorrenza | M1: Recidivo_Flag | N1: Primo_E_Recidivo
A2: ODL101393 | B2: CAMPUS TORINO OVEST | C2: IMP-CT3-010 | D2: Elettrico | E2: 45422 | F2: Chiuso | G2: Gallo | H2: ImpiantiPro SpA | I2: =YEAR(E2) -> 2024 | J2: =MONTH(E2) -> 5 | K2: =COUNTIFS($B$2:$B$4077,B2,$C$2:$C$4077,C2,$I$2:$I$4077,I2) -> 1 | L2: =IF(COUNTIFS($B$2:B2,B2,$C$2:C2,C2,$I$2:I2,I2)=1,1,0) -> 1 | M2: =IF(K2>=Parametri!$B$1,1,0) -> 0 | N2: =L2*M2 -> 0
A3: ODL100524 | B3: CAMPUS TORINO EST | C3: IMP-CT2-206 | D3: Idraulico | E3: 45650 | F3: In corso | G3: Colombo | H3: FM Solutions | I3: =YEAR(E3) -> 2024 | J3: =MONTH(E3) -> 12 | K3: =COUNTIFS($B$2:$B$4077,B3,$C$2:$C$4077,C3,$I$2:$I$4077,I3) -> 5 | L3: =IF(COUNTIFS($B$2:B3,B3,$C$2:C3,C3,$I$2:I3,I3)=1,1,0) -> 1 | M3: =IF(K3>=Parametri!$B$1,1,0) -> 1 | N3: =L3*M3 -> 1
A4: ODL103137 | B4: STABILIMENTO VERONA | C4: IMP-SV8-172 | D4: Antincendio | E4: 46003 | F4: Sospeso | G4: Romano | H4: FM Solutions | I4: =YEAR(E4) -> 2025 | J4: =MONTH(E4) -> 12 | K4: =COUNTIFS($B$2:$B$4077,B4,$C$2:$C$4077,C4,$I$2:$I$4077,I4) -> 1 | L4: =IF(COUNTIFS($B$2:B4,B4,$C$2:C4,C4,$I$2:I4,I4)=1,1,0) -> 1 | M4: =IF(K4>=Parametri!$B$1,1,0) -> 0 | N4: =L4*M4 -> 0
A5: ODL101678 | B5: STABILIMENTO VERONA | C5: IMP-SV8-154 | D5: Building Automation | E5: 45949 | F5: Chiuso | G5: Ferrari | H5: ImpiantiPro SpA | I5: =YEAR(E5) -> 2025 | J5: =MONTH(E5) -> 10 | K5: =COUNTIFS($B$2:$B$4077,B5,$C$2:$C$4077,C5,$I$2:$I$4077,I5) -> 2 | L5: =IF(COUNTIFS($B$2:B5,B5,$C$2:C5,C5,$I$2:I5,I5)=1,1,0) -> 1 | M5: =IF(K5>=Parametri!$B$1,1,0) -> 1 | N5: =L5*M5 -> 1
A6: ODL100080 | B6: TORRE SUD MILANO | C6: IMP-TS1-011 | D6: Antincendio | E6: 45526 | F6: In corso | G6: Conti | H6: Manutenzioni Italia Srl | I6: =YEAR(E6) -> 2024 | J6: =MONTH(E6) -> 8 | K6: =COUNTIFS($B$2:$B$4077,B6,$C$2:$C$4077,C6,$I$2:$I$4077,I6) -> 2 | L6: =IF(COUNTIFS($B$2:B6,B6,$C$2:C6,C6,$I$2:I6,I6)=1,1,0) -> 1 | M6: =IF(K6>=Parametri!$B$1,1,0) -> 1 | N6: =L6*M6 -> 1
A7: ODL102169 | B7: HUB LOGISTICO BOLOGNA | C7: IMP-HL4-026 | D7: Antincendio | E7: 45689 | F7: In corso | G7: Gallo | H7: TecnoService Srl | I7: =YEAR(E7) -> 2025 | J7: =MONTH(E7) -> 2 | K7: =COUNTIFS($B$2:$B$4077,B7,$C$2:$C$4077,C7,$I$2:$I$4077,I7) -> 1 | L7: =IF(COUNTIFS($B$2:B7,B7,$C$2:C7,C7,$I$2:I7,I7)=1,1,0) -> 1 | M7: =IF(K7>=Parametri!$B$1,1,0) -> 0 | N7: =L7*M7 -> 0
A8: ODL102311 | B8: TORRE NORD MILANO | C8: IMP-TN0-288 | D8: Elettrico | E8: 45560 | F8: Chiuso | G8: Conti | H8: TecnoService Srl | I8: =YEAR(E8) -> 2024 | J8: =MONTH(E8) -> 9 | K8: =COUNTIFS($B$2:$B$4077,B8,$C$2:$C$4077,C8,$I$2:$I$4077,I8) -> 1 | L8: =IF(COUNTIFS($B$2:B8,B8,$C$2:C8,C8,$I$2:I8,I8)=1,1,0) -> 1 | M8: =IF(K8>=Parametri!$B$1,1,0) -> 0 | N8: =L8*M8 -> 0
A9: ODL102947 | B9: STABILIMENTO VERONA | C9: IMP-SV8-004 | D9: Sicurezza accessi | E9: 46113 | F9: Sospeso | G9: Verdi | H9: FM Solutions | I9: =YEAR(E9) -> 2026 | J9: =MONTH(E9) -> 4 | K9: =COUNTIFS($B$2:$B$4077,B9,$C$2:$C$4077,C9,$I$2:$I$4077,I9) -> 2 | L9: =IF(COUNTIFS($B$2:B9,B9,$C$2:C9,C9,$I$2:I9,I9)=1,1,0) -> 1 | M9: =IF(K9>=Parametri!$B$1,1,0) -> 1 | N9: =L9*M9 -> 1
A10: ODL100352 | B10: SEDE BRESCIA | C10: IMP-SB5-080 | D10: Building Automation | E10: 46129 | F10: Chiuso | G10: Colombo | H10: ImpiantiPro SpA | I10: =YEAR(E10) -> 2026 | J10: =MONTH(E10) -> 4 | K10: =COUNTIFS($B$2:$B$4077,B10,$C$2:$C$4077,C10,$I$2:$I$4077,I10) -> 2 | L10: =IF(COUNTIFS($B$2:B10,B10,$C$2:C10,C10,$I$2:I10,I10)=1,1,0) -> 1 | M10: =IF(K10>=Parametri!$B$1,1,0) -> 1 | N10: =L10*M10 -> 1
A11: ODL102998 | B11: CAMPUS TORINO OVEST | C11: IMP-CT3-111 | D11: Sicurezza accessi | E11: 45309 | F11: Chiuso | G11: Romano | H11: Manutenzioni Italia Srl | I11: =YEAR(E11) -> 2024 | J11: =MONTH(E11) -> 1 | K11: =COUNTIFS($B$2:$B$4077,B11,$C$2:$C$4077,C11,$I$2:$I$4077,I11) -> 4 | L11: =IF(COUNTIFS($B$2:B11,B11,$C$2:C11,C11,$I$2:I11,I11)=1,1,0) -> 1 | M11: =IF(K11>=Parametri!$B$1,1,0) -> 1 | N11: =L11*M11 -> 1
A12: ODL102940 | B12: CAMPUS TORINO OVEST | C12: IMP-CT3-007 | D12: Climatizzazione | E12: 45658 | F12: In corso | G12: Ferrari | H12: ImpiantiPro SpA | I12: =YEAR(E12) -> 2025 | J12: =MONTH(E12) -> 1 | K12: =COUNTIFS($B$2:$B$4077,B12,$C$2:$C$4077,C12,$I$2:$I$4077,I12) -> 3 | L12: =IF(COUNTIFS($B$2:B12,B12,$C$2:C12,C12,$I$2:I12,I12)=1,1,0) -> 1 | M12: =IF(K12>=Parametri!$B$1,1,0) -> 1 | N12: =L12*M12 -> 1
A13: ODL103958 | B13: HUB LOGISTICO BOLOGNA | C13: IMP-HL4-004 | D13: Ascensori | E13: 46076 | F13: In corso | G13: Verdi | H13: Manutenzioni Italia Srl | I13: =YEAR(E13) -> 2026 | J13: =MONTH(E13) -> 2 | K13: =COUNTIFS($B$2:$B$4077,B13,$C$2:$C$4077,C13,$I$2:$I$4077,I13) -> 2 | L13: =IF(COUNTIFS($B$2:B13,B13,$C$2:C13,C13,$I$2:I13,I13)=1,1,0) -> 1 | M13: =IF(K13>=Parametri!$B$1,1,0) -> 1 | N13: =L13*M13 -> 1
... A4077: ODL102761 | B4077: POLO PADOVA | C4077: IMP-PP6-004 | D4077: Elettrico | E4077: 45612 | F4077: Sospeso | G4077: Ferrari | H4077: FM Solutions | I4077: =YEAR(E4077) -> 2024 | J4077: =MONTH(E4077) -> 11 | K4077: =COUNTIFS($B$2:$B$4077,B4077,$C$2:$C$4077,C4077,$I$2:$I$4077,I4077) -> 1 | L4077: =IF(COUNTIFS($B$2:B4077,B4077,$C$2:C4077,C4077,$I$2:I4077,I4077)=1,1,0) -> 1 | M4077: =IF(K4077>=Parametri!$B$1,1,0) -> 0 | N4077: =L4077*M4077 -> 0

Sheet Anagrafica_Impianti
A1: EDIFICIO | B1: N_IMPIANTI_TOTALI
A2: TORRE NORD MILANO | B2: 320
A3: TORRE SUD MILANO | B3: 270
A4: CAMPUS TORINO EST | B4: 210
A5: CAMPUS TORINO OVEST | B5: 160
A6: HUB LOGISTICO BOLOGNA | B6: 400
A7: SEDE BRESCIA | B7: 130
A8: POLO PADOVA | B8: 180
A9: CENTRO DIREZIONALE ROMA | B9: 350
A10: STABILIMENTO VERONA | B10: 230
A11: FILIALE FIRENZE | B11: 110

Sheet KPI1_Guasti_Totali
A1: EDIFICIO | B1: Guasti_2024 | C1: Guasti_2025 | D1: Guasti_2026
A2: CAMPUS TORINO EST | B2: =COUNTIFS(Base_ODL!$B$2:$B$4077,A2,Base_ODL!$I$2:$I$4077,2024) -> 161 | C2: =COUNTIFS(Base_ODL!$B$2:$B$4077,A2,Base_ODL!$I$2:$I$4077,2025) -> 133 | D2: =COUNTIFS(Base_ODL!$B$2:$B$4077,A2,Base_ODL!$I$2:$I$4077,2026) -> 116
A3: CAMPUS TORINO OVEST | B3: =COUNTIFS(Base_ODL!$B$2:$B$4077,A3,Base_ODL!$I$2:$I$4077,2024) -> 177 | C3: =COUNTIFS(Base_ODL!$B$2:$B$4077,A3,Base_ODL!$I$2:$I$4077,2025) -> 151 | D3: =COUNTIFS(Base_ODL!$B$2:$B$4077,A3,Base_ODL!$I$2:$I$4077,2026) -> 106
A4: CENTRO DIREZIONALE ROMA | B4: =COUNTIFS(Base_ODL!$B$2:$B$4077,A4,Base_ODL!$I$2:$I$4077,2024) -> 145 | C4: =COUNTIFS(Base_ODL!$B$2:$B$4077,A4,Base_ODL!$I$2:$I$4077,2025) -> 162 | D4: =COUNTIFS(Base_ODL!$B$2:$B$4077,A4,Base_ODL!$I$2:$I$4077,2026) -> 109
A5: FILIALE FIRENZE | B5: =COUNTIFS(Base_ODL!$B$2:$B$4077,A5,Base_ODL!$I$2:$I$4077,2024) -> 147 | C5: =COUNTIFS(Base_ODL!$B$2:$B$4077,A5,Base_ODL!$I$2:$I$4077,2025) -> 154 | D5: =COUNTIFS(Base_ODL!$B$2:$B$4077,A5,Base_ODL!$I$2:$I$4077,2026) -> 108
A6: HUB LOGISTICO BOLOGNA | B6: =COUNTIFS(Base_ODL!$B$2:$B$4077,A6,Base_ODL!$I$2:$I$4077,2024) -> 162 | C6: =COUNTIFS(Base_ODL!$B$2:$B$4077,A6,Base_ODL!$I$2:$I$4077,2025) -> 152 | D6: =COUNTIFS(Base_ODL!$B$2:$B$4077,A6,Base_ODL!$I$2:$I$4077,2026) -> 95
A7: POLO PADOVA | B7: =COUNTIFS(Base_ODL!$B$2:$B$4077,A7,Base_ODL!$I$2:$I$4077,2024) -> 163 | C7: =COUNTIFS(Base_ODL!$B$2:$B$4077,A7,Base_ODL!$I$2:$I$4077,2025) -> 156 | D7: =COUNTIFS(Base_ODL!$B$2:$B$4077,A7,Base_ODL!$I$2:$I$4077,2026) -> 118
A8: SEDE BRESCIA | B8: =COUNTIFS(Base_ODL!$B$2:$B$4077,A8,Base_ODL!$I$2:$I$4077,2024) -> 139 | C8: =COUNTIFS(Base_ODL!$B$2:$B$4077,A8,Base_ODL!$I$2:$I$4077,2025) -> 141 | D8: =COUNTIFS(Base_ODL!$B$2:$B$4077,A8,Base_ODL!$I$2:$I$4077,2026) -> 97
A9: STABILIMENTO VERONA | B9: =COUNTIFS(Base_ODL!$B$2:$B$4077,A9,Base_ODL!$I$2:$I$4077,2024) -> 134 | C9: =COUNTIFS(Base_ODL!$B$2:$B$4077,A9,Base_ODL!$I$2:$I$4077,2025) -> 166 | D9: =COUNTIFS(Base_ODL!$B$2:$B$4077,A9,Base_ODL!$I$2:$I$4077,2026) -> 90
A10: TORRE NORD MILANO | B10: =COUNTIFS(Base_ODL!$B$2:$B$4077,A10,Base_ODL!$I$2:$I$4077,2024) -> 148 | C10: =COUNTIFS(Base_ODL!$B$2:$B$4077,A10,Base_ODL!$I$2:$I$4077,2025) -> 149 | D10: =COUNTIFS(Base_ODL!$B$2:$B$4077,A10,Base_ODL!$I$2:$I$4077,2026) -> 92
A11: TORRE SUD MILANO | B11: =COUNTIFS(Base_ODL!$B$2:$B$4077,A11,Base_ODL!$I$2:$I$4077,2024) -> 157 | C11: =COUNTIFS(Base_ODL!$B$2:$B$4077,A11,Base_ODL!$I$2:$I$4077,2025) -> 162 | D11: =COUNTIFS(Base_ODL!$B$2:$B$4077,A11,Base_ODL!$I$2:$I$4077,2026) -> 86

Sheet KPI2_Perc_Impianti_Guasto
A1: EDIFICIO | B1: N_IMPIANTI_TOTALI | C1: Impianti_con_guasto_2025 | D1: Perc_impianti_con_guasto_2025
A2: CAMPUS TORINO EST | B2: =VLOOKUP(A2,Anagrafica_Impianti!$A:$B,2,0) -> 210 | C2: =SUMIFS(Base_ODL!$L$2:$L$4077,Base_ODL!$B$2:$B$4077,A2,Base_ODL!$I$2:$I$4077,2025) -> 97 | D2: =ROUND(C2/B2*100,1) -> 46.2
A3: CAMPUS TORINO OVEST | B3: =VLOOKUP(A3,Anagrafica_Impianti!$A:$B,2,0) -> 160 | C3: =SUMIFS(Base_ODL!$L$2:$L$4077,Base_ODL!$B$2:$B$4077,A3,Base_ODL!$I$2:$I$4077,2025) -> 97 | D3: =ROUND(C3/B3*100,1) -> 60.6
A4: CENTRO DIREZIONALE ROMA | B4: =VLOOKUP(A4,Anagrafica_Impianti!$A:$B,2,0) -> 350 | C4: =SUMIFS(Base_ODL!$L$2:$L$4077,Base_ODL!$B$2:$B$4077,A4,Base_ODL!$I$2:$I$4077,2025) -> 122 | D4: =ROUND(C4/B4*100,1) -> 34.9
A5: FILIALE FIRENZE | B5: =VLOOKUP(A5,Anagrafica_Impianti!$A:$B,2,0) -> 110 | C5: =SUMIFS(Base_ODL!$L$2:$L$4077,Base_ODL!$B$2:$B$4077,A5,Base_ODL!$I$2:$I$4077,2025) -> 80 | D5: =ROUND(C5/B5*100,1) -> 72.7
A6: HUB LOGISTICO BOLOGNA | B6: =VLOOKUP(A6,Anagrafica_Impianti!$A:$B,2,0) -> 400 | C6: =SUMIFS(Base_ODL!$L$2:$L$4077,Base_ODL!$B$2:$B$4077,A6,Base_ODL!$I$2:$I$4077,2025) -> 122 | D6: =ROUND(C6/B6*100,1) -> 30.5
A7: POLO PADOVA | B7: =VLOOKUP(A7,Anagrafica_Impianti!$A:$B,2,0) -> 180 | C7: =SUMIFS(Base_ODL!$L$2:$L$4077,Base_ODL!$B$2:$B$4077,A7,Base_ODL!$I$2:$I$4077,2025) -> 88 | D7: =ROUND(C7/B7*100,1) -> 48.9
A8: SEDE BRESCIA | B8: =VLOOKUP(A8,Anagrafica_Impianti!$A:$B,2,0) -> 130 | C8: =SUMIFS(Base_ODL!$L$2:$L$4077,Base_ODL!$B$2:$B$4077,A8,Base_ODL!$I$2:$I$4077,2025) -> 84 | D8: =ROUND(C8/B8*100,1) -> 64.6
A9: STABILIMENTO VERONA | B9: =VLOOKUP(A9,Anagrafica_Impianti!$A:$B,2,0) -> 230 | C9: =SUMIFS(Base_ODL!$L$2:$L$4077,Base_ODL!$B$2:$B$4077,A9,Base_ODL!$I$2:$I$4077,2025) -> 111 | D9: =ROUND(C9/B9*100,1) -> 48.3
A10: TORRE NORD MILANO | B10: =VLOOKUP(A10,Anagrafica_Impianti!$A:$B,2,0) -> 320 | C10: =SUMIFS(Base_ODL!$L$2:$L$4077,Base_ODL!$B$2:$B$4077,A10,Base_ODL!$I$2:$I$4077,2025) -> 113 | D10: =ROUND(C10/B10*100,1) -> 35.3
A11: TORRE SUD MILANO | B11: =VLOOKUP(A11,Anagrafica_Impianti!$A:$B,2,0) -> 270 | C11: =SUMIFS(Base_ODL!$L$2:$L$4077,Base_ODL!$B$2:$B$4077,A11,Base_ODL!$I$2:$I$4077,2025) -> 114 | D11: =ROUND(C11/B11*100,1) -> 42.2

Sheet KPI3_Riepilogo_Recidivita
A1: Anno | B1: Impianti_con_guasto_totali | C1: Impianti_recidivi | D1: Perc_impianti_recidivi | E1: ODL_totali_anno | F1: ODL_generati_da_recidivi | G1: Perc_ODL_da_recidivi
A2: 2024 | B2: =SUMIFS(Base_ODL!$L$2:$L$4077,Base_ODL!$I$2:$I$4077,A2) -> 1030 | C2: =SUMIFS(Base_ODL!$N$2:$N$4077,Base_ODL!$I$2:$I$4077,A2) -> 318 | D2: =ROUND(C2/B2*100,1) -> 30.9 | E2: =COUNTIFS(Base_ODL!$I$2:$I$4077,A2) -> 1533 | F2: =SUMIFS(Base_ODL!$M$2:$M$4077,Base_ODL!$I$2:$I$4077,A2) -> 821 | G2: =ROUND(F2/E2*100,1) -> 53.6
A3: 2025 | B3: =SUMIFS(Base_ODL!$L$2:$L$4077,Base_ODL!$I$2:$I$4077,A3) -> 1028 | C3: =SUMIFS(Base_ODL!$N$2:$N$4077,Base_ODL!$I$2:$I$4077,A3) -> 295 | D3: =ROUND(C3/B3*100,1) -> 28.7 | E3: =COUNTIFS(Base_ODL!$I$2:$I$4077,A3) -> 1526 | F3: =SUMIFS(Base_ODL!$M$2:$M$4077,Base_ODL!$I$2:$I$4077,A3) -> 793 | G3: =ROUND(F3/E3*100,1) -> 52
A4: 2026 | B4: =SUMIFS(Base_ODL!$L$2:$L$4077,Base_ODL!$I$2:$I$4077,A4) -> 746 | C4: =SUMIFS(Base_ODL!$N$2:$N$4077,Base_ODL!$I$2:$I$4077,A4) -> 189 | D4: =ROUND(C4/B4*100,1) -> 25.3 | E4: =COUNTIFS(Base_ODL!$I$2:$I$4077,A4) -> 1017 | F4: =SUMIFS(Base_ODL!$M$2:$M$4077,Base_ODL!$I$2:$I$4077,A4) -> 460 | G4: =ROUND(F4/E4*100,1) -> 45.2
